{
  "disc21_losses": [
    0.7601313007983744,
    0.6685839178146299,
    0.6540100716777063,
    0.6468151769143388,
    0.6421534510895651,
    0.639127985404467,
    0.636717812529999,
    0.6345401322157691,
    0.6358175288390772,
    0.6309070609740488,
    0.631493229716649,
    0.6283666422674474,
    0.6272326160562862,
    0.6272301786342837,
    0.625501921438514,
    0.6250148120260152,
    0.6244744543174618,
    0.6235182974144827,
    0.6226483252535919,
    0.6224982675554382,
    0.6218336638227577,
    0.6205596420914531,
    0.621658231936578,
    0.6203726480752616,
    0.6191586244240185,
    0.6195900481184602,
    0.6187856988576366,
    0.618854446657707,
    0.6182300916370675,
    0.6177582317365844
  ],
  "ndec_losses": [
    1.643894422534789,
    1.582028750799744,
    1.559781338721609,
    1.5476617794805663,
    1.5378507002759116,
    1.5260666586692258,
    1.5183346016774633,
    1.5101153568358126,
    1.5024868604546544,
    1.497408173134597,
    1.4913533919145874,
    1.48620644518754,
    1.480985147252879,
    1.4759975245421466,
    1.4726421919985604,
    1.46782998190579,
    1.4651280340291106,
    1.4614404640515035,
    1.4577075960692578,
    1.4550981186020473
  ]
}